Children & Family Movies,358
 Comedies,310
Stand-Up Comedy,273
Kids' TV,288
Comedies,803
Crime TV Shows,309
 International TV Shows,431
 Spanish-Language TV Shows,116
International Movies,85
 Sci-Fi & Fantasy,183
 Thrillers,352
Docuseries,148
 Science & Nature TV,67
Action & Adventure,597
 Dramas,546
 International Movies,1842
Cult Movies,10
 Independent Movies,534
 Romantic Movies,374
Documentaries,644
Horror Movies,205
Dramas,1077
International TV Shows,570
 Romantic TV Shows,257
 TV Comedies,347
 TV Dramas,543
 TV Thrillers,44
Romantic TV Shows,21
 TV Mysteries,69
TV Comedies,89
British TV Shows,210
 Docuseries,131
 Music & Musicals,231
 Reality TV,90
 TV Action & Adventure,96
Anime Features,12
 Teen TV Shows,44
 Faith & Spirituality,47
 Horror Movies,57
Independent Movies,18
 Korean TV Shows,132
Reality TV,63
Anime Series,117
 Crime TV Shows,54
 LGBTQ Movies,60
TV Horror,9
 Cult Movies,45
Movies,56
 Kids' TV,40
Stand-Up Comedy & Talk Shows,28
Thrillers,40
 TV Horror,45
TV Action & Adventure,30
 TV Sci-Fi & Fantasy,67
Classic Movies,62
 Sports Movies,156
 Anime Features,33
TV Dramas,56
 Stand-Up Comedy,8
 Documentaries,24
 Stand-Up Comedy & Talk Shows,14
Music & Musicals,12
Sci-Fi & Fantasy,10
 Children & Family Movies,20
 Classic Movies,22
TV Shows,10
Spanish-Language TV Shows,1
Sports Movies,1
Classic & Cult TV,19
Romantic Movies,2
TV Sci-Fi & Fantasy,1
 Classic & Cult TV,5
